<?xml version="1.0" encoding="UTF-8"?>
<地図 xmlns="http://www.moj.go.jp/MINJI/tizuxml" xmlns:zmn="http://www.moj.go.jp/MINJI/tizuzumen" xmlns:xsi="http://www.w3.org/2001/XMLSchema-instance" xsi:schemaLocation="http://www.moj.go.jp/MINJI/tizuxml tizuxml.xsd">
	<version>ver1.0</version>
	<地図名>H1815032945274</地図名>
	<市区町村コード>29452</市区町村コード>
	<市区町村名>吉野郡川上村</市区町村名>
	<座標系>任意座標系</座標系>
	<空間属性>
		<zmn:GM_Point id="P000000001">
			<zmn:GM_Point.position>
				<zmn:DirectPosition>
					<zmn:X>9662.284</zmn:X>
					<zmn:Y>11499.997</zmn:Y>
				</zmn:DirectPosition>
			</zmn:GM_Point.position>
		</zmn:GM_Point>
		<zmn:GM_Point id="P000000002">
			<zmn:GM_Point.position>
				<zmn:DirectPosition>
					<zmn:X>9660.357</zmn:X>
					<zmn:Y>11500.026</zmn:Y>
				</zmn:DirectPosition>
			</zmn:GM_Point.position>
		</zmn:GM_Point>
		<zmn:GM_Point id="P000000003">
			<zmn:GM_Point.position>
				<zmn:DirectPosition>
					<zmn:X>9667.254</zmn:X>
					<zmn:Y>11500.931</zmn:Y>
				</zmn:DirectPosition>
			</zmn:GM_Point.position>
		</zmn:GM_Point>
		<zmn:GM_Point id="P000000004">
			<zmn:GM_Point.position>
				<zmn:DirectPosition>
					<zmn:X>9670.251</zmn:X>
					<zmn:Y>11501.539</zmn:Y>
				</zmn:DirectPosition>
			</zmn:GM_Point.position>
		</zmn:GM_Point>
		<zmn:GM_Point id="P000000005">
			<zmn:GM_Point.position>
				<zmn:DirectPosition>
					<zmn:X>9672.536</zmn:X>
					<zmn:Y>11501.682</zmn:Y>
				</zmn:DirectPosition>
			</zmn:GM_Point.position>
		</zmn:GM_Point>
		<zmn:GM_Point id="P000000006">
			<zmn:GM_Point.position>
				<zmn:DirectPosition>
					<zmn:X>9675.741</zmn:X>
					<zmn:Y>11501.926</zmn:Y>
				</zmn:DirectPosition>
			</zmn:GM_Point.position>
		</zmn:GM_Point>
		<zmn:GM_Point id="P000000007">
			<zmn:GM_Point.position>
				<zmn:DirectPosition>
					<zmn:X>9678.854</zmn:X>
					<zmn:Y>11502.598</zmn:Y>
				</zmn:DirectPosition>
			</zmn:GM_Point.position>
		</zmn:GM_Point>
		<zmn:GM_Point id="P000000008">
			<zmn:GM_Point.position>
				<zmn:DirectPosition>
					<zmn:X>9680.599</zmn:X>
					<zmn:Y>11503.330</zmn:Y>
				</zmn:DirectPosition>
			</zmn:GM_Point.position>
		</zmn:GM_Point>
		<zmn:GM_Point id="P000000009">
			<zmn:GM_Point.position>
				<zmn:DirectPosition>
					<zmn:X>9667.816</zmn:X>
					<zmn:Y>11506.215</zmn:Y>
				</zmn:DirectPosition>
			</zmn:GM_Point.position>
		</zmn:GM_Point>
		<zmn:GM_Point id="P000000010">
			<zmn:GM_Point.position>
				<zmn:DirectPosition>
					<zmn:X>9668.196</zmn:X>
					<zmn:Y>11509.774</zmn:Y>
				</zmn:DirectPosition>
			</zmn:GM_Point.position>
		</zmn:GM_Point>
		<zmn:GM_Point id="P000000011">
			<zmn:GM_Point.position>
				<zmn:DirectPosition>
					<zmn:X>9668.546</zmn:X>
					<zmn:Y>11512.760</zmn:Y>
				</zmn:DirectPosition>
			</zmn:GM_Point.position>
		</zmn:GM_Point>
		<zmn:GM_Point id="P000000012">
			<zmn:GM_Point.position>
				<zmn:DirectPosition>
					<zmn:X>9662.863</zmn:X>
					<zmn:Y>11513.292</zmn:Y>
				</zmn:DirectPosition>
			</zmn:GM_Point.position>
		</zmn:GM_Point>
		<zmn:GM_Point id="P000000013">
			<zmn:GM_Point.position>
				<zmn:DirectPosition>
					<zmn:X>9668.909</zmn:X>
					<zmn:Y>11514.597</zmn:Y>
				</zmn:DirectPosition>
			</zmn:GM_Point.position>
		</zmn:GM_Point>
		<zmn:GM_Point id="P000000014">
			<zmn:GM_Point.position>
				<zmn:DirectPosition>
					<zmn:X>9677.772</zmn:X>
					<zmn:Y>11516.423</zmn:Y>
				</zmn:DirectPosition>
			</zmn:GM_Point.position>
		</zmn:GM_Point>
		<zmn:GM_Point id="P000000015">
			<zmn:GM_Point.position>
				<zmn:DirectPosition>
					<zmn:X>9668.233</zmn:X>
					<zmn:Y>11518.487</zmn:Y>
				</zmn:DirectPosition>
			</zmn:GM_Point.position>
		</zmn:GM_Point>
		<zmn:GM_Point id="P000000016">
			<zmn:GM_Point.position>
				<zmn:DirectPosition>
					<zmn:X>9664.184</zmn:X>
					<zmn:Y>11519.154</zmn:Y>
				</zmn:DirectPosition>
			</zmn:GM_Point.position>
		</zmn:GM_Point>
		<zmn:GM_Point id="P000000017">
			<zmn:GM_Point.position>
				<zmn:DirectPosition>
					<zmn:X>9666.953</zmn:X>
					<zmn:Y>11524.417</zmn:Y>
				</zmn:DirectPosition>
			</zmn:GM_Point.position>
		</zmn:GM_Point>
		<zmn:GM_Point id="P000000018">
			<zmn:GM_Point.position>
				<zmn:DirectPosition>
					<zmn:X>9661.013</zmn:X>
					<zmn:Y>11525.063</zmn:Y>
				</zmn:DirectPosition>
			</zmn:GM_Point.position>
		</zmn:GM_Point>
		<zmn:GM_Point id="P000000019">
			<zmn:GM_Point.position>
				<zmn:DirectPosition>
					<zmn:X>9675.590</zmn:X>
					<zmn:Y>11526.321</zmn:Y>
				</zmn:DirectPosition>
			</zmn:GM_Point.position>
		</zmn:GM_Point>
		<zmn:GM_Point id="P000000020">
			<zmn:GM_Point.position>
				<zmn:DirectPosition>
					<zmn:X>9659.426</zmn:X>
					<zmn:Y>11528.066</zmn:Y>
				</zmn:DirectPosition>
			</zmn:GM_Point.position>
		</zmn:GM_Point>
		<zmn:GM_Point id="P000000021">
			<zmn:GM_Point.position>
				<zmn:DirectPosition>
					<zmn:X>9663.779</zmn:X>
					<zmn:Y>11528.989</zmn:Y>
				</zmn:DirectPosition>
			</zmn:GM_Point.position>
		</zmn:GM_Point>
		<zmn:GM_Point id="P000000022">
			<zmn:GM_Point.position>
				<zmn:DirectPosition>
					<zmn:X>9665.978</zmn:X>
					<zmn:Y>11529.371</zmn:Y>
				</zmn:DirectPosition>
			</zmn:GM_Point.position>
		</zmn:GM_Point>
		<zmn:GM_Point id="P000000023">
			<zmn:GM_Point.position>
				<zmn:DirectPosition>
					<zmn:X>9674.587</zmn:X>
					<zmn:Y>11531.230</zmn:Y>
				</zmn:DirectPosition>
			</zmn:GM_Point.position>
		</zmn:GM_Point>
		<zmn:GM_Curve id="C000000001">
			<zmn:GM_OrientablePrimitive.orientation>+</zmn:GM_OrientablePrimitive.orientation>
			<zmn:GM_OrientablePrimitive.primitive idref="C000000001"/>
			<zmn:GM_Curve.segment>
				<zmn:GM_LineString>
					<zmn:GM_LineString.controlPoint>
						<zmn:GM_PointArray.column>
							<zmn:GM_Position.direct>
								<zmn:X>9662.284</zmn:X>
								<zmn:Y>11499.997</zmn:Y>
							</zmn:GM_Position.direct>
						</zmn:GM_PointArray.column>
						<zmn:GM_PointArray.column>
							<zmn:GM_Position.direct>
								<zmn:X>9667.254</zmn:X>
								<zmn:Y>11500.931</zmn:Y>
							</zmn:GM_Position.direct>
						</zmn:GM_PointArray.column>
					</zmn:GM_LineString.controlPoint>
				</zmn:GM_LineString>
			</zmn:GM_Curve.segment>
		</zmn:GM_Curve>
		<zmn:GM_Curve id="C000000002">
			<zmn:GM_OrientablePrimitive.orientation>+</zmn:GM_OrientablePrimitive.orientation>
			<zmn:GM_OrientablePrimitive.primitive idref="C000000002"/>
			<zmn:GM_Curve.segment>
				<zmn:GM_LineString>
					<zmn:GM_LineString.controlPoint>
						<zmn:GM_PointArray.column>
							<zmn:GM_Position.direct>
								<zmn:X>9664.184</zmn:X>
								<zmn:Y>11519.154</zmn:Y>
							</zmn:GM_Position.direct>
						</zmn:GM_PointArray.column>
						<zmn:GM_PointArray.column>
							<zmn:GM_Position.direct>
								<zmn:X>9662.863</zmn:X>
								<zmn:Y>11513.292</zmn:Y>
							</zmn:GM_Position.direct>
						</zmn:GM_PointArray.column>
					</zmn:GM_LineString.controlPoint>
				</zmn:GM_LineString>
			</zmn:GM_Curve.segment>
		</zmn:GM_Curve>
		<zmn:GM_Curve id="C000000003">
			<zmn:GM_OrientablePrimitive.orientation>+</zmn:GM_OrientablePrimitive.orientation>
			<zmn:GM_OrientablePrimitive.primitive idref="C000000003"/>
			<zmn:GM_Curve.segment>
				<zmn:GM_LineString>
					<zmn:GM_LineString.controlPoint>
						<zmn:GM_PointArray.column>
							<zmn:GM_Position.direct>
								<zmn:X>9662.284</zmn:X>
								<zmn:Y>11499.997</zmn:Y>
							</zmn:GM_Position.direct>
						</zmn:GM_PointArray.column>
						<zmn:GM_PointArray.column>
							<zmn:GM_Position.direct>
								<zmn:X>9667.254</zmn:X>
								<zmn:Y>11500.931</zmn:Y>
							</zmn:GM_Position.direct>
						</zmn:GM_PointArray.column>
					</zmn:GM_LineString.controlPoint>
				</zmn:GM_LineString>
			</zmn:GM_Curve.segment>
		</zmn:GM_Curve>
		<zmn:GM_Curve id="C000000004">
			<zmn:GM_OrientablePrimitive.orientation>+</zmn:GM_OrientablePrimitive.orientation>
			<zmn:GM_OrientablePrimitive.primitive idref="C000000004"/>
			<zmn:GM_Curve.segment>
				<zmn:GM_LineString>
					<zmn:GM_LineString.controlPoint>
						<zmn:GM_PointArray.column>
							<zmn:GM_Position.direct>
								<zmn:X>9664.184</zmn:X>
								<zmn:Y>11519.154</zmn:Y>
							</zmn:GM_Position.direct>
						</zmn:GM_PointArray.column>
						<zmn:GM_PointArray.column>
							<zmn:GM_Position.direct>
								<zmn:X>9662.863</zmn:X>
								<zmn:Y>11513.292</zmn:Y>
							</zmn:GM_Position.direct>
						</zmn:GM_PointArray.column>
					</zmn:GM_LineString.controlPoint>
				</zmn:GM_LineString>
			</zmn:GM_Curve.segment>
		</zmn:GM_Curve>
		<zmn:GM_Curve id="C000000005">
			<zmn:GM_OrientablePrimitive.orientation>+</zmn:GM_OrientablePrimitive.orientation>
			<zmn:GM_OrientablePrimitive.primitive idref="C000000005"/>
			<zmn:GM_Curve.segment>
				<zmn:GM_LineString>
					<zmn:GM_LineString.controlPoint>
						<zmn:GM_PointArray.column>
							<zmn:GM_Position.indirect>
								<zmn:GM_PointRef.point idref="P000000013"/>
							</zmn:GM_Position.indirect>
						</zmn:GM_PointArray.column>
						<zmn:GM_PointArray.column>
							<zmn:GM_Position.indirect>
								<zmn:GM_PointRef.point idref="P000000014"/>
							</zmn:GM_Position.indirect>
						</zmn:GM_PointArray.column>
					</zmn:GM_LineString.controlPoint>
				</zmn:GM_LineString>
			</zmn:GM_Curve.segment>
		</zmn:GM_Curve>
		<zmn:GM_Curve id="C000000006">
			<zmn:GM_OrientablePrimitive.orientation>+</zmn:GM_OrientablePrimitive.orientation>
			<zmn:GM_OrientablePrimitive.primitive idref="C000000006"/>
			<zmn:GM_Curve.segment>
				<zmn:GM_LineString>
					<zmn:GM_LineString.controlPoint>
						<zmn:GM_PointArray.column>
							<zmn:GM_Position.indirect>
								<zmn:GM_PointRef.point idref="P000000014"/>
							</zmn:GM_Position.indirect>
						</zmn:GM_PointArray.column>
						<zmn:GM_PointArray.column>
							<zmn:GM_Position.indirect>
								<zmn:GM_PointRef.point idref="P000000019"/>
							</zmn:GM_Position.indirect>
						</zmn:GM_PointArray.column>
					</zmn:GM_LineString.controlPoint>
				</zmn:GM_LineString>
			</zmn:GM_Curve.segment>
		</zmn:GM_Curve>
		<zmn:GM_Curve id="C000000007">
			<zmn:GM_OrientablePrimitive.orientation>+</zmn:GM_OrientablePrimitive.orientation>
			<zmn:GM_OrientablePrimitive.primitive idref="C000000007"/>
			<zmn:GM_Curve.segment>
				<zmn:GM_LineString>
					<zmn:GM_LineString.controlPoint>
						<zmn:GM_PointArray.column>
							<zmn:GM_Position.indirect>
								<zmn:GM_PointRef.point idref="P000000019"/>
							</zmn:GM_Position.indirect>
						</zmn:GM_PointArray.column>
						<zmn:GM_PointArray.column>
							<zmn:GM_Position.indirect>
								<zmn:GM_PointRef.point idref="P000000017"/>
							</zmn:GM_Position.indirect>
						</zmn:GM_PointArray.column>
					</zmn:GM_LineString.controlPoint>
				</zmn:GM_LineString>
			</zmn:GM_Curve.segment>
		</zmn:GM_Curve>
		<zmn:GM_Curve id="C000000008">
			<zmn:GM_OrientablePrimitive.orientation>+</zmn:GM_OrientablePrimitive.orientation>
			<zmn:GM_OrientablePrimitive.primitive idref="C000000008"/>
			<zmn:GM_Curve.segment>
				<zmn:GM_LineString>
					<zmn:GM_LineString.controlPoint>
						<zmn:GM_PointArray.column>
							<zmn:GM_Position.indirect>
								<zmn:GM_PointRef.point idref="P000000017"/>
							</zmn:GM_Position.indirect>
						</zmn:GM_PointArray.column>
						<zmn:GM_PointArray.column>
							<zmn:GM_Position.indirect>
								<zmn:GM_PointRef.point idref="P000000015"/>
							</zmn:GM_Position.indirect>
						</zmn:GM_PointArray.column>
					</zmn:GM_LineString.controlPoint>
				</zmn:GM_LineString>
			</zmn:GM_Curve.segment>
		</zmn:GM_Curve>
		<zmn:GM_Curve id="C000000009">
			<zmn:GM_OrientablePrimitive.orientation>+</zmn:GM_OrientablePrimitive.orientation>
			<zmn:GM_OrientablePrimitive.primitive idref="C000000009"/>
			<zmn:GM_Curve.segment>
				<zmn:GM_LineString>
					<zmn:GM_LineString.controlPoint>
						<zmn:GM_PointArray.column>
							<zmn:GM_Position.indirect>
								<zmn:GM_PointRef.point idref="P000000015"/>
							</zmn:GM_Position.indirect>
						</zmn:GM_PointArray.column>
						<zmn:GM_PointArray.column>
							<zmn:GM_Position.indirect>
								<zmn:GM_PointRef.point idref="P000000013"/>
							</zmn:GM_Position.indirect>
						</zmn:GM_PointArray.column>
					</zmn:GM_LineString.controlPoint>
				</zmn:GM_LineString>
			</zmn:GM_Curve.segment>
		</zmn:GM_Curve>
		<zmn:GM_Curve id="C000000010">
			<zmn:GM_OrientablePrimitive.orientation>+</zmn:GM_OrientablePrimitive.orientation>
			<zmn:GM_OrientablePrimitive.primitive idref="C000000010"/>
			<zmn:GM_Curve.segment>
				<zmn:GM_LineString>
					<zmn:GM_LineString.controlPoint>
						<zmn:GM_PointArray.column>
							<zmn:GM_Position.indirect>
								<zmn:GM_PointRef.point idref="P000000012"/>
							</zmn:GM_Position.indirect>
						</zmn:GM_PointArray.column>
						<zmn:GM_PointArray.column>
							<zmn:GM_Position.indirect>
								<zmn:GM_PointRef.point idref="P000000013"/>
							</zmn:GM_Position.indirect>
						</zmn:GM_PointArray.column>
					</zmn:GM_LineString.controlPoint>
				</zmn:GM_LineString>
			</zmn:GM_Curve.segment>
		</zmn:GM_Curve>
		<zmn:GM_Curve id="C000000011">
			<zmn:GM_OrientablePrimitive.orientation>+</zmn:GM_OrientablePrimitive.orientation>
			<zmn:GM_OrientablePrimitive.primitive idref="C000000011"/>
			<zmn:GM_Curve.segment>
				<zmn:GM_LineString>
					<zmn:GM_LineString.controlPoint>
						<zmn:GM_PointArray.column>
							<zmn:GM_Position.indirect>
								<zmn:GM_PointRef.point idref="P000000013"/>
							</zmn:GM_Position.indirect>
						</zmn:GM_PointArray.column>
						<zmn:GM_PointArray.column>
							<zmn:GM_Position.indirect>
								<zmn:GM_PointRef.point idref="P000000015"/>
							</zmn:GM_Position.indirect>
						</zmn:GM_PointArray.column>
					</zmn:GM_LineString.controlPoint>
				</zmn:GM_LineString>
			</zmn:GM_Curve.segment>
		</zmn:GM_Curve>
		<zmn:GM_Curve id="C000000012">
			<zmn:GM_OrientablePrimitive.orientation>+</zmn:GM_OrientablePrimitive.orientation>
			<zmn:GM_OrientablePrimitive.primitive idref="C000000012"/>
			<zmn:GM_Curve.segment>
				<zmn:GM_LineString>
					<zmn:GM_LineString.controlPoint>
						<zmn:GM_PointArray.column>
							<zmn:GM_Position.indirect>
								<zmn:GM_PointRef.point idref="P000000015"/>
							</zmn:GM_Position.indirect>
						</zmn:GM_PointArray.column>
						<zmn:GM_PointArray.column>
							<zmn:GM_Position.indirect>
								<zmn:GM_PointRef.point idref="P000000017"/>
							</zmn:GM_Position.indirect>
						</zmn:GM_PointArray.column>
					</zmn:GM_LineString.controlPoint>
				</zmn:GM_LineString>
			</zmn:GM_Curve.segment>
		</zmn:GM_Curve>
		<zmn:GM_Curve id="C000000013">
			<zmn:GM_OrientablePrimitive.orientation>+</zmn:GM_OrientablePrimitive.orientation>
			<zmn:GM_OrientablePrimitive.primitive idref="C000000013"/>
			<zmn:GM_Curve.segment>
				<zmn:GM_LineString>
					<zmn:GM_LineString.controlPoint>
						<zmn:GM_PointArray.column>
							<zmn:GM_Position.indirect>
								<zmn:GM_PointRef.point idref="P000000017"/>
							</zmn:GM_Position.indirect>
						</zmn:GM_PointArray.column>
						<zmn:GM_PointArray.column>
							<zmn:GM_Position.indirect>
								<zmn:GM_PointRef.point idref="P000000022"/>
							</zmn:GM_Position.indirect>
						</zmn:GM_PointArray.column>
					</zmn:GM_LineString.controlPoint>
				</zmn:GM_LineString>
			</zmn:GM_Curve.segment>
		</zmn:GM_Curve>
		<zmn:GM_Curve id="C000000014">
			<zmn:GM_OrientablePrimitive.orientation>+</zmn:GM_OrientablePrimitive.orientation>
			<zmn:GM_OrientablePrimitive.primitive idref="C000000014"/>
			<zmn:GM_Curve.segment>
				<zmn:GM_LineString>
					<zmn:GM_LineString.controlPoint>
						<zmn:GM_PointArray.column>
							<zmn:GM_Position.indirect>
								<zmn:GM_PointRef.point idref="P000000022"/>
							</zmn:GM_Position.indirect>
						</zmn:GM_PointArray.column>
						<zmn:GM_PointArray.column>
							<zmn:GM_Position.indirect>
								<zmn:GM_PointRef.point idref="P000000021"/>
							</zmn:GM_Position.indirect>
						</zmn:GM_PointArray.column>
					</zmn:GM_LineString.controlPoint>
				</zmn:GM_LineString>
			</zmn:GM_Curve.segment>
		</zmn:GM_Curve>
		<zmn:GM_Curve id="C000000015">
			<zmn:GM_OrientablePrimitive.orientation>+</zmn:GM_OrientablePrimitive.orientation>
			<zmn:GM_OrientablePrimitive.primitive idref="C000000015"/>
			<zmn:GM_Curve.segment>
				<zmn:GM_LineString>
					<zmn:GM_LineString.controlPoint>
						<zmn:GM_PointArray.column>
							<zmn:GM_Position.indirect>
								<zmn:GM_PointRef.point idref="P000000021"/>
							</zmn:GM_Position.indirect>
						</zmn:GM_PointArray.column>
						<zmn:GM_PointArray.column>
							<zmn:GM_Position.indirect>
								<zmn:GM_PointRef.point idref="P000000020"/>
							</zmn:GM_Position.indirect>
						</zmn:GM_PointArray.column>
					</zmn:GM_LineString.controlPoint>
				</zmn:GM_LineString>
			</zmn:GM_Curve.segment>
		</zmn:GM_Curve>
		<zmn:GM_Curve id="C000000016">
			<zmn:GM_OrientablePrimitive.orientation>+</zmn:GM_OrientablePrimitive.orientation>
			<zmn:GM_OrientablePrimitive.primitive idref="C000000016"/>
			<zmn:GM_Curve.segment>
				<zmn:GM_LineString>
					<zmn:GM_LineString.controlPoint>
						<zmn:GM_PointArray.column>
							<zmn:GM_Position.indirect>
								<zmn:GM_PointRef.point idref="P000000020"/>
							</zmn:GM_Position.indirect>
						</zmn:GM_PointArray.column>
						<zmn:GM_PointArray.column>
							<zmn:GM_Position.indirect>
								<zmn:GM_PointRef.point idref="P000000018"/>
							</zmn:GM_Position.indirect>
						</zmn:GM_PointArray.column>
					</zmn:GM_LineString.controlPoint>
				</zmn:GM_LineString>
			</zmn:GM_Curve.segment>
		</zmn:GM_Curve>
		<zmn:GM_Curve id="C000000017">
			<zmn:GM_OrientablePrimitive.orientation>+</zmn:GM_OrientablePrimitive.orientation>
			<zmn:GM_OrientablePrimitive.primitive idref="C000000017"/>
			<zmn:GM_Curve.segment>
				<zmn:GM_LineString>
					<zmn:GM_LineString.controlPoint>
						<zmn:GM_PointArray.column>
							<zmn:GM_Position.indirect>
								<zmn:GM_PointRef.point idref="P000000018"/>
							</zmn:GM_Position.indirect>
						</zmn:GM_PointArray.column>
						<zmn:GM_PointArray.column>
							<zmn:GM_Position.indirect>
								<zmn:GM_PointRef.point idref="P000000016"/>
							</zmn:GM_Position.indirect>
						</zmn:GM_PointArray.column>
					</zmn:GM_LineString.controlPoint>
				</zmn:GM_LineString>
			</zmn:GM_Curve.segment>
		</zmn:GM_Curve>
		<zmn:GM_Curve id="C000000018">
			<zmn:GM_OrientablePrimitive.orientation>+</zmn:GM_OrientablePrimitive.orientation>
			<zmn:GM_OrientablePrimitive.primitive idref="C000000018"/>
			<zmn:GM_Curve.segment>
				<zmn:GM_LineString>
					<zmn:GM_LineString.controlPoint>
						<zmn:GM_PointArray.column>
							<zmn:GM_Position.indirect>
								<zmn:GM_PointRef.point idref="P000000016"/>
							</zmn:GM_Position.indirect>
						</zmn:GM_PointArray.column>
						<zmn:GM_PointArray.column>
							<zmn:GM_Position.indirect>
								<zmn:GM_PointRef.point idref="P000000012"/>
							</zmn:GM_Position.indirect>
						</zmn:GM_PointArray.column>
					</zmn:GM_LineString.controlPoint>
				</zmn:GM_LineString>
			</zmn:GM_Curve.segment>
		</zmn:GM_Curve>
		<zmn:GM_Curve id="C000000019">
			<zmn:GM_OrientablePrimitive.orientation>+</zmn:GM_OrientablePrimitive.orientation>
			<zmn:GM_OrientablePrimitive.primitive idref="C000000019"/>
			<zmn:GM_Curve.segment>
				<zmn:GM_LineString>
					<zmn:GM_LineString.controlPoint>
						<zmn:GM_PointArray.column>
							<zmn:GM_Position.indirect>
								<zmn:GM_PointRef.point idref="P000000017"/>
							</zmn:GM_Position.indirect>
						</zmn:GM_PointArray.column>
						<zmn:GM_PointArray.column>
							<zmn:GM_Position.indirect>
								<zmn:GM_PointRef.point idref="P000000019"/>
							</zmn:GM_Position.indirect>
						</zmn:GM_PointArray.column>
					</zmn:GM_LineString.controlPoint>
				</zmn:GM_LineString>
			</zmn:GM_Curve.segment>
		</zmn:GM_Curve>
		<zmn:GM_Curve id="C000000020">
			<zmn:GM_OrientablePrimitive.orientation>+</zmn:GM_OrientablePrimitive.orientation>
			<zmn:GM_OrientablePrimitive.primitive idref="C000000020"/>
			<zmn:GM_Curve.segment>
				<zmn:GM_LineString>
					<zmn:GM_LineString.controlPoint>
						<zmn:GM_PointArray.column>
							<zmn:GM_Position.indirect>
								<zmn:GM_PointRef.point idref="P000000019"/>
							</zmn:GM_Position.indirect>
						</zmn:GM_PointArray.column>
						<zmn:GM_PointArray.column>
							<zmn:GM_Position.indirect>
								<zmn:GM_PointRef.point idref="P000000023"/>
							</zmn:GM_Position.indirect>
						</zmn:GM_PointArray.column>
					</zmn:GM_LineString.controlPoint>
				</zmn:GM_LineString>
			</zmn:GM_Curve.segment>
		</zmn:GM_Curve>
		<zmn:GM_Curve id="C000000021">
			<zmn:GM_OrientablePrimitive.orientation>+</zmn:GM_OrientablePrimitive.orientation>
			<zmn:GM_OrientablePrimitive.primitive idref="C000000021"/>
			<zmn:GM_Curve.segment>
				<zmn:GM_LineString>
					<zmn:GM_LineString.controlPoint>
						<zmn:GM_PointArray.column>
							<zmn:GM_Position.indirect>
								<zmn:GM_PointRef.point idref="P000000023"/>
							</zmn:GM_Position.indirect>
						</zmn:GM_PointArray.column>
						<zmn:GM_PointArray.column>
							<zmn:GM_Position.indirect>
								<zmn:GM_PointRef.point idref="P000000022"/>
							</zmn:GM_Position.indirect>
						</zmn:GM_PointArray.column>
					</zmn:GM_LineString.controlPoint>
				</zmn:GM_LineString>
			</zmn:GM_Curve.segment>
		</zmn:GM_Curve>
		<zmn:GM_Curve id="C000000022">
			<zmn:GM_OrientablePrimitive.orientation>+</zmn:GM_OrientablePrimitive.orientation>
			<zmn:GM_OrientablePrimitive.primitive idref="C000000022"/>
			<zmn:GM_Curve.segment>
				<zmn:GM_LineString>
					<zmn:GM_LineString.controlPoint>
						<zmn:GM_PointArray.column>
							<zmn:GM_Position.indirect>
								<zmn:GM_PointRef.point idref="P000000022"/>
							</zmn:GM_Position.indirect>
						</zmn:GM_PointArray.column>
						<zmn:GM_PointArray.column>
							<zmn:GM_Position.indirect>
								<zmn:GM_PointRef.point idref="P000000017"/>
							</zmn:GM_Position.indirect>
						</zmn:GM_PointArray.column>
					</zmn:GM_LineString.controlPoint>
				</zmn:GM_LineString>
			</zmn:GM_Curve.segment>
		</zmn:GM_Curve>
		<zmn:GM_Curve id="C000000023">
			<zmn:GM_OrientablePrimitive.orientation>+</zmn:GM_OrientablePrimitive.orientation>
			<zmn:GM_OrientablePrimitive.primitive idref="C000000023"/>
			<zmn:GM_Curve.segment>
				<zmn:GM_LineString>
					<zmn:GM_LineString.controlPoint>
						<zmn:GM_PointArray.column>
							<zmn:GM_Position.indirect>
								<zmn:GM_PointRef.point idref="P000000003"/>
							</zmn:GM_Position.indirect>
						</zmn:GM_PointArray.column>
						<zmn:GM_PointArray.column>
							<zmn:GM_Position.indirect>
								<zmn:GM_PointRef.point idref="P000000004"/>
							</zmn:GM_Position.indirect>
						</zmn:GM_PointArray.column>
					</zmn:GM_LineString.controlPoint>
				</zmn:GM_LineString>
			</zmn:GM_Curve.segment>
		</zmn:GM_Curve>
		<zmn:GM_Curve id="C000000024">
			<zmn:GM_OrientablePrimitive.orientation>+</zmn:GM_OrientablePrimitive.orientation>
			<zmn:GM_OrientablePrimitive.primitive idref="C000000024"/>
			<zmn:GM_Curve.segment>
				<zmn:GM_LineString>
					<zmn:GM_LineString.controlPoint>
						<zmn:GM_PointArray.column>
							<zmn:GM_Position.indirect>
								<zmn:GM_PointRef.point idref="P000000004"/>
							</zmn:GM_Position.indirect>
						</zmn:GM_PointArray.column>
						<zmn:GM_PointArray.column>
							<zmn:GM_Position.indirect>
								<zmn:GM_PointRef.point idref="P000000005"/>
							</zmn:GM_Position.indirect>
						</zmn:GM_PointArray.column>
					</zmn:GM_LineString.controlPoint>
				</zmn:GM_LineString>
			</zmn:GM_Curve.segment>
		</zmn:GM_Curve>
		<zmn:GM_Curve id="C000000025">
			<zmn:GM_OrientablePrimitive.orientation>+</zmn:GM_OrientablePrimitive.orientation>
			<zmn:GM_OrientablePrimitive.primitive idref="C000000025"/>
			<zmn:GM_Curve.segment>
				<zmn:GM_LineString>
					<zmn:GM_LineString.controlPoint>
						<zmn:GM_PointArray.column>
							<zmn:GM_Position.indirect>
								<zmn:GM_PointRef.point idref="P000000005"/>
							</zmn:GM_Position.indirect>
						</zmn:GM_PointArray.column>
						<zmn:GM_PointArray.column>
							<zmn:GM_Position.indirect>
								<zmn:GM_PointRef.point idref="P000000006"/>
							</zmn:GM_Position.indirect>
						</zmn:GM_PointArray.column>
					</zmn:GM_LineString.controlPoint>
				</zmn:GM_LineString>
			</zmn:GM_Curve.segment>
		</zmn:GM_Curve>
		<zmn:GM_Curve id="C000000026">
			<zmn:GM_OrientablePrimitive.orientation>+</zmn:GM_OrientablePrimitive.orientation>
			<zmn:GM_OrientablePrimitive.primitive idref="C000000026"/>
			<zmn:GM_Curve.segment>
				<zmn:GM_LineString>
					<zmn:GM_LineString.controlPoint>
						<zmn:GM_PointArray.column>
							<zmn:GM_Position.indirect>
								<zmn:GM_PointRef.point idref="P000000006"/>
							</zmn:GM_Position.indirect>
						</zmn:GM_PointArray.column>
						<zmn:GM_PointArray.column>
							<zmn:GM_Position.indirect>
								<zmn:GM_PointRef.point idref="P000000007"/>
							</zmn:GM_Position.indirect>
						</zmn:GM_PointArray.column>
					</zmn:GM_LineString.controlPoint>
				</zmn:GM_LineString>
			</zmn:GM_Curve.segment>
		</zmn:GM_Curve>
		<zmn:GM_Curve id="C000000027">
			<zmn:GM_OrientablePrimitive.orientation>+</zmn:GM_OrientablePrimitive.orientation>
			<zmn:GM_OrientablePrimitive.primitive idref="C000000027"/>
			<zmn:GM_Curve.segment>
				<zmn:GM_LineString>
					<zmn:GM_LineString.controlPoint>
						<zmn:GM_PointArray.column>
							<zmn:GM_Position.indirect>
								<zmn:GM_PointRef.point idref="P000000007"/>
							</zmn:GM_Position.indirect>
						</zmn:GM_PointArray.column>
						<zmn:GM_PointArray.column>
							<zmn:GM_Position.indirect>
								<zmn:GM_PointRef.point idref="P000000008"/>
							</zmn:GM_Position.indirect>
						</zmn:GM_PointArray.column>
					</zmn:GM_LineString.controlPoint>
				</zmn:GM_LineString>
			</zmn:GM_Curve.segment>
		</zmn:GM_Curve>
		<zmn:GM_Curve id="C000000028">
			<zmn:GM_OrientablePrimitive.orientation>+</zmn:GM_OrientablePrimitive.orientation>
			<zmn:GM_OrientablePrimitive.primitive idref="C000000028"/>
			<zmn:GM_Curve.segment>
				<zmn:GM_LineString>
					<zmn:GM_LineString.controlPoint>
						<zmn:GM_PointArray.column>
							<zmn:GM_Position.indirect>
								<zmn:GM_PointRef.point idref="P000000008"/>
							</zmn:GM_Position.indirect>
						</zmn:GM_PointArray.column>
						<zmn:GM_PointArray.column>
							<zmn:GM_Position.indirect>
								<zmn:GM_PointRef.point idref="P000000014"/>
							</zmn:GM_Position.indirect>
						</zmn:GM_PointArray.column>
					</zmn:GM_LineString.controlPoint>
				</zmn:GM_LineString>
			</zmn:GM_Curve.segment>
		</zmn:GM_Curve>
		<zmn:GM_Curve id="C000000029">
			<zmn:GM_OrientablePrimitive.orientation>+</zmn:GM_OrientablePrimitive.orientation>
			<zmn:GM_OrientablePrimitive.primitive idref="C000000029"/>
			<zmn:GM_Curve.segment>
				<zmn:GM_LineString>
					<zmn:GM_LineString.controlPoint>
						<zmn:GM_PointArray.column>
							<zmn:GM_Position.indirect>
								<zmn:GM_PointRef.point idref="P000000014"/>
							</zmn:GM_Position.indirect>
						</zmn:GM_PointArray.column>
						<zmn:GM_PointArray.column>
							<zmn:GM_Position.indirect>
								<zmn:GM_PointRef.point idref="P000000013"/>
							</zmn:GM_Position.indirect>
						</zmn:GM_PointArray.column>
					</zmn:GM_LineString.controlPoint>
				</zmn:GM_LineString>
			</zmn:GM_Curve.segment>
		</zmn:GM_Curve>
		<zmn:GM_Curve id="C000000030">
			<zmn:GM_OrientablePrimitive.orientation>+</zmn:GM_OrientablePrimitive.orientation>
			<zmn:GM_OrientablePrimitive.primitive idref="C000000030"/>
			<zmn:GM_Curve.segment>
				<zmn:GM_LineString>
					<zmn:GM_LineString.controlPoint>
						<zmn:GM_PointArray.column>
							<zmn:GM_Position.indirect>
								<zmn:GM_PointRef.point idref="P000000013"/>
							</zmn:GM_Position.indirect>
						</zmn:GM_PointArray.column>
						<zmn:GM_PointArray.column>
							<zmn:GM_Position.indirect>
								<zmn:GM_PointRef.point idref="P000000011"/>
							</zmn:GM_Position.indirect>
						</zmn:GM_PointArray.column>
					</zmn:GM_LineString.controlPoint>
				</zmn:GM_LineString>
			</zmn:GM_Curve.segment>
		</zmn:GM_Curve>
		<zmn:GM_Curve id="C000000031">
			<zmn:GM_OrientablePrimitive.orientation>+</zmn:GM_OrientablePrimitive.orientation>
			<zmn:GM_OrientablePrimitive.primitive idref="C000000031"/>
			<zmn:GM_Curve.segment>
				<zmn:GM_LineString>
					<zmn:GM_LineString.controlPoint>
						<zmn:GM_PointArray.column>
							<zmn:GM_Position.indirect>
								<zmn:GM_PointRef.point idref="P000000011"/>
							</zmn:GM_Position.indirect>
						</zmn:GM_PointArray.column>
						<zmn:GM_PointArray.column>
							<zmn:GM_Position.indirect>
								<zmn:GM_PointRef.point idref="P000000010"/>
							</zmn:GM_Position.indirect>
						</zmn:GM_PointArray.column>
					</zmn:GM_LineString.controlPoint>
				</zmn:GM_LineString>
			</zmn:GM_Curve.segment>
		</zmn:GM_Curve>
		<zmn:GM_Curve id="C000000032">
			<zmn:GM_OrientablePrimitive.orientation>+</zmn:GM_OrientablePrimitive.orientation>
			<zmn:GM_OrientablePrimitive.primitive idref="C000000032"/>
			<zmn:GM_Curve.segment>
				<zmn:GM_LineString>
					<zmn:GM_LineString.controlPoint>
						<zmn:GM_PointArray.column>
							<zmn:GM_Position.indirect>
								<zmn:GM_PointRef.point idref="P000000010"/>
							</zmn:GM_Position.indirect>
						</zmn:GM_PointArray.column>
						<zmn:GM_PointArray.column>
							<zmn:GM_Position.indirect>
								<zmn:GM_PointRef.point idref="P000000009"/>
							</zmn:GM_Position.indirect>
						</zmn:GM_PointArray.column>
					</zmn:GM_LineString.controlPoint>
				</zmn:GM_LineString>
			</zmn:GM_Curve.segment>
		</zmn:GM_Curve>
		<zmn:GM_Curve id="C000000033">
			<zmn:GM_OrientablePrimitive.orientation>+</zmn:GM_OrientablePrimitive.orientation>
			<zmn:GM_OrientablePrimitive.primitive idref="C000000033"/>
			<zmn:GM_Curve.segment>
				<zmn:GM_LineString>
					<zmn:GM_LineString.controlPoint>
						<zmn:GM_PointArray.column>
							<zmn:GM_Position.indirect>
								<zmn:GM_PointRef.point idref="P000000009"/>
							</zmn:GM_Position.indirect>
						</zmn:GM_PointArray.column>
						<zmn:GM_PointArray.column>
							<zmn:GM_Position.indirect>
								<zmn:GM_PointRef.point idref="P000000003"/>
							</zmn:GM_Position.indirect>
						</zmn:GM_PointArray.column>
					</zmn:GM_LineString.controlPoint>
				</zmn:GM_LineString>
			</zmn:GM_Curve.segment>
		</zmn:GM_Curve>
		<zmn:GM_Curve id="C000000034">
			<zmn:GM_OrientablePrimitive.orientation>+</zmn:GM_OrientablePrimitive.orientation>
			<zmn:GM_OrientablePrimitive.primitive idref="C000000034"/>
			<zmn:GM_Curve.segment>
				<zmn:GM_LineString>
					<zmn:GM_LineString.controlPoint>
						<zmn:GM_PointArray.column>
							<zmn:GM_Position.indirect>
								<zmn:GM_PointRef.point idref="P000000003"/>
							</zmn:GM_Position.indirect>
						</zmn:GM_PointArray.column>
						<zmn:GM_PointArray.column>
							<zmn:GM_Position.indirect>
								<zmn:GM_PointRef.point idref="P000000009"/>
							</zmn:GM_Position.indirect>
						</zmn:GM_PointArray.column>
					</zmn:GM_LineString.controlPoint>
				</zmn:GM_LineString>
			</zmn:GM_Curve.segment>
		</zmn:GM_Curve>
		<zmn:GM_Curve id="C000000035">
			<zmn:GM_OrientablePrimitive.orientation>+</zmn:GM_OrientablePrimitive.orientation>
			<zmn:GM_OrientablePrimitive.primitive idref="C000000035"/>
			<zmn:GM_Curve.segment>
				<zmn:GM_LineString>
					<zmn:GM_LineString.controlPoint>
						<zmn:GM_PointArray.column>
							<zmn:GM_Position.indirect>
								<zmn:GM_PointRef.point idref="P000000009"/>
							</zmn:GM_Position.indirect>
						</zmn:GM_PointArray.column>
						<zmn:GM_PointArray.column>
							<zmn:GM_Position.indirect>
								<zmn:GM_PointRef.point idref="P000000010"/>
							</zmn:GM_Position.indirect>
						</zmn:GM_PointArray.column>
					</zmn:GM_LineString.controlPoint>
				</zmn:GM_LineString>
			</zmn:GM_Curve.segment>
		</zmn:GM_Curve>
		<zmn:GM_Curve id="C000000036">
			<zmn:GM_OrientablePrimitive.orientation>+</zmn:GM_OrientablePrimitive.orientation>
			<zmn:GM_OrientablePrimitive.primitive idref="C000000036"/>
			<zmn:GM_Curve.segment>
				<zmn:GM_LineString>
					<zmn:GM_LineString.controlPoint>
						<zmn:GM_PointArray.column>
							<zmn:GM_Position.indirect>
								<zmn:GM_PointRef.point idref="P000000010"/>
							</zmn:GM_Position.indirect>
						</zmn:GM_PointArray.column>
						<zmn:GM_PointArray.column>
							<zmn:GM_Position.indirect>
								<zmn:GM_PointRef.point idref="P000000011"/>
							</zmn:GM_Position.indirect>
						</zmn:GM_PointArray.column>
					</zmn:GM_LineString.controlPoint>
				</zmn:GM_LineString>
			</zmn:GM_Curve.segment>
		</zmn:GM_Curve>
		<zmn:GM_Curve id="C000000037">
			<zmn:GM_OrientablePrimitive.orientation>+</zmn:GM_OrientablePrimitive.orientation>
			<zmn:GM_OrientablePrimitive.primitive idref="C000000037"/>
			<zmn:GM_Curve.segment>
				<zmn:GM_LineString>
					<zmn:GM_LineString.controlPoint>
						<zmn:GM_PointArray.column>
							<zmn:GM_Position.indirect>
								<zmn:GM_PointRef.point idref="P000000011"/>
							</zmn:GM_Position.indirect>
						</zmn:GM_PointArray.column>
						<zmn:GM_PointArray.column>
							<zmn:GM_Position.indirect>
								<zmn:GM_PointRef.point idref="P000000013"/>
							</zmn:GM_Position.indirect>
						</zmn:GM_PointArray.column>
					</zmn:GM_LineString.controlPoint>
				</zmn:GM_LineString>
			</zmn:GM_Curve.segment>
		</zmn:GM_Curve>
		<zmn:GM_Curve id="C000000038">
			<zmn:GM_OrientablePrimitive.orientation>+</zmn:GM_OrientablePrimitive.orientation>
			<zmn:GM_OrientablePrimitive.primitive idref="C000000038"/>
			<zmn:GM_Curve.segment>
				<zmn:GM_LineString>
					<zmn:GM_LineString.controlPoint>
						<zmn:GM_PointArray.column>
							<zmn:GM_Position.indirect>
								<zmn:GM_PointRef.point idref="P000000013"/>
							</zmn:GM_Position.indirect>
						</zmn:GM_PointArray.column>
						<zmn:GM_PointArray.column>
							<zmn:GM_Position.indirect>
								<zmn:GM_PointRef.point idref="P000000012"/>
							</zmn:GM_Position.indirect>
						</zmn:GM_PointArray.column>
					</zmn:GM_LineString.controlPoint>
				</zmn:GM_LineString>
			</zmn:GM_Curve.segment>
		</zmn:GM_Curve>
		<zmn:GM_Curve id="C000000039">
			<zmn:GM_OrientablePrimitive.orientation>+</zmn:GM_OrientablePrimitive.orientation>
			<zmn:GM_OrientablePrimitive.primitive idref="C000000039"/>
			<zmn:GM_Curve.segment>
				<zmn:GM_LineString>
					<zmn:GM_LineString.controlPoint>
						<zmn:GM_PointArray.column>
							<zmn:GM_Position.indirect>
								<zmn:GM_PointRef.point idref="P000000012"/>
							</zmn:GM_Position.indirect>
						</zmn:GM_PointArray.column>
						<zmn:GM_PointArray.column>
							<zmn:GM_Position.indirect>
								<zmn:GM_PointRef.point idref="P000000002"/>
							</zmn:GM_Position.indirect>
						</zmn:GM_PointArray.column>
					</zmn:GM_LineString.controlPoint>
				</zmn:GM_LineString>
			</zmn:GM_Curve.segment>
		</zmn:GM_Curve>
		<zmn:GM_Curve id="C000000040">
			<zmn:GM_OrientablePrimitive.orientation>+</zmn:GM_OrientablePrimitive.orientation>
			<zmn:GM_OrientablePrimitive.primitive idref="C000000040"/>
			<zmn:GM_Curve.segment>
				<zmn:GM_LineString>
					<zmn:GM_LineString.controlPoint>
						<zmn:GM_PointArray.column>
							<zmn:GM_Position.indirect>
								<zmn:GM_PointRef.point idref="P000000002"/>
							</zmn:GM_Position.indirect>
						</zmn:GM_PointArray.column>
						<zmn:GM_PointArray.column>
							<zmn:GM_Position.indirect>
								<zmn:GM_PointRef.point idref="P000000001"/>
							</zmn:GM_Position.indirect>
						</zmn:GM_PointArray.column>
					</zmn:GM_LineString.controlPoint>
				</zmn:GM_LineString>
			</zmn:GM_Curve.segment>
		</zmn:GM_Curve>
		<zmn:GM_Curve id="C000000041">
			<zmn:GM_OrientablePrimitive.orientation>+</zmn:GM_OrientablePrimitive.orientation>
			<zmn:GM_OrientablePrimitive.primitive idref="C000000041"/>
			<zmn:GM_Curve.segment>
				<zmn:GM_LineString>
					<zmn:GM_LineString.controlPoint>
						<zmn:GM_PointArray.column>
							<zmn:GM_Position.indirect>
								<zmn:GM_PointRef.point idref="P000000001"/>
							</zmn:GM_Position.indirect>
						</zmn:GM_PointArray.column>
						<zmn:GM_PointArray.column>
							<zmn:GM_Position.indirect>
								<zmn:GM_PointRef.point idref="P000000003"/>
							</zmn:GM_Position.indirect>
						</zmn:GM_PointArray.column>
					</zmn:GM_LineString.controlPoint>
				</zmn:GM_LineString>
			</zmn:GM_Curve.segment>
		</zmn:GM_Curve>
		<zmn:GM_Surface id="F000000001">
			<zmn:GM_Surface.patch>
				<zmn:GM_Polygon>
					<zmn:GM_Polygon.boundary>
						<zmn:GM_SurfaceBoundary>
							<zmn:GM_SurfaceBoundary.exterior>
								<zmn:GM_Ring>
									<zmn:GM_CompositeCurve.generator idref="C000000005"/>
									<zmn:GM_CompositeCurve.generator idref="C000000006"/>
									<zmn:GM_CompositeCurve.generator idref="C000000007"/>
									<zmn:GM_CompositeCurve.generator idref="C000000008"/>
									<zmn:GM_CompositeCurve.generator idref="C000000009"/>
								</zmn:GM_Ring>
							</zmn:GM_SurfaceBoundary.exterior>
						</zmn:GM_SurfaceBoundary>
					</zmn:GM_Polygon.boundary>
				</zmn:GM_Polygon>
			</zmn:GM_Surface.patch>
		</zmn:GM_Surface>
		<zmn:GM_Surface id="F000000002">
			<zmn:GM_Surface.patch>
				<zmn:GM_Polygon>
					<zmn:GM_Polygon.boundary>
						<zmn:GM_SurfaceBoundary>
							<zmn:GM_SurfaceBoundary.exterior>
								<zmn:GM_Ring>
									<zmn:GM_CompositeCurve.generator idref="C000000010"/>
									<zmn:GM_CompositeCurve.generator idref="C000000011"/>
									<zmn:GM_CompositeCurve.generator idref="C000000012"/>
									<zmn:GM_CompositeCurve.generator idref="C000000013"/>
									<zmn:GM_CompositeCurve.generator idref="C000000014"/>
									<zmn:GM_CompositeCurve.generator idref="C000000015"/>
									<zmn:GM_CompositeCurve.generator idref="C000000016"/>
									<zmn:GM_CompositeCurve.generator idref="C000000017"/>
									<zmn:GM_CompositeCurve.generator idref="C000000018"/>
								</zmn:GM_Ring>
							</zmn:GM_SurfaceBoundary.exterior>
						</zmn:GM_SurfaceBoundary>
					</zmn:GM_Polygon.boundary>
				</zmn:GM_Polygon>
			</zmn:GM_Surface.patch>
		</zmn:GM_Surface>
		<zmn:GM_Surface id="F000000003">
			<zmn:GM_Surface.patch>
				<zmn:GM_Polygon>
					<zmn:GM_Polygon.boundary>
						<zmn:GM_SurfaceBoundary>
							<zmn:GM_SurfaceBoundary.exterior>
								<zmn:GM_Ring>
									<zmn:GM_CompositeCurve.generator idref="C000000019"/>
									<zmn:GM_CompositeCurve.generator idref="C000000020"/>
									<zmn:GM_CompositeCurve.generator idref="C000000021"/>
									<zmn:GM_CompositeCurve.generator idref="C000000022"/>
								</zmn:GM_Ring>
							</zmn:GM_SurfaceBoundary.exterior>
						</zmn:GM_SurfaceBoundary>
					</zmn:GM_Polygon.boundary>
				</zmn:GM_Polygon>
			</zmn:GM_Surface.patch>
		</zmn:GM_Surface>
		<zmn:GM_Surface id="F000000004">
			<zmn:GM_Surface.patch>
				<zmn:GM_Polygon>
					<zmn:GM_Polygon.boundary>
						<zmn:GM_SurfaceBoundary>
							<zmn:GM_SurfaceBoundary.exterior>
								<zmn:GM_Ring>
									<zmn:GM_CompositeCurve.generator idref="C000000023"/>
									<zmn:GM_CompositeCurve.generator idref="C000000024"/>
									<zmn:GM_CompositeCurve.generator idref="C000000025"/>
									<zmn:GM_CompositeCurve.generator idref="C000000026"/>
									<zmn:GM_CompositeCurve.generator idref="C000000027"/>
									<zmn:GM_CompositeCurve.generator idref="C000000028"/>
									<zmn:GM_CompositeCurve.generator idref="C000000029"/>
									<zmn:GM_CompositeCurve.generator idref="C000000030"/>
									<zmn:GM_CompositeCurve.generator idref="C000000031"/>
									<zmn:GM_CompositeCurve.generator idref="C000000032"/>
									<zmn:GM_CompositeCurve.generator idref="C000000033"/>
								</zmn:GM_Ring>
							</zmn:GM_SurfaceBoundary.exterior>
						</zmn:GM_SurfaceBoundary>
					</zmn:GM_Polygon.boundary>
				</zmn:GM_Polygon>
			</zmn:GM_Surface.patch>
		</zmn:GM_Surface>
		<zmn:GM_Surface id="F000000005">
			<zmn:GM_Surface.patch>
				<zmn:GM_Polygon>
					<zmn:GM_Polygon.boundary>
						<zmn:GM_SurfaceBoundary>
							<zmn:GM_SurfaceBoundary.exterior>
								<zmn:GM_Ring>
									<zmn:GM_CompositeCurve.generator idref="C000000034"/>
									<zmn:GM_CompositeCurve.generator idref="C000000035"/>
									<zmn:GM_CompositeCurve.generator idref="C000000036"/>
									<zmn:GM_CompositeCurve.generator idref="C000000037"/>
									<zmn:GM_CompositeCurve.generator idref="C000000038"/>
									<zmn:GM_CompositeCurve.generator idref="C000000039"/>
									<zmn:GM_CompositeCurve.generator idref="C000000040"/>
									<zmn:GM_CompositeCurve.generator idref="C000000041"/>
								</zmn:GM_Ring>
							</zmn:GM_SurfaceBoundary.exterior>
						</zmn:GM_SurfaceBoundary>
					</zmn:GM_Polygon.boundary>
				</zmn:GM_Polygon>
			</zmn:GM_Surface.patch>
		</zmn:GM_Surface>
	</空間属性>
	<主題属性>
		<筆界点>
			<点番名>1423391</点番名>
			<形状 idref="P000000001"/>
		</筆界点>
		<筆界点>
			<点番名>1423392</点番名>
			<形状 idref="P000000002"/>
		</筆界点>
		<筆界点>
			<点番名>1423393</点番名>
			<形状 idref="P000000003"/>
		</筆界点>
		<筆界点>
			<点番名>1423394</点番名>
			<形状 idref="P000000004"/>
		</筆界点>
		<筆界点>
			<点番名>1423395</点番名>
			<形状 idref="P000000005"/>
		</筆界点>
		<筆界点>
			<点番名>1423396</点番名>
			<形状 idref="P000000006"/>
		</筆界点>
		<筆界点>
			<点番名>1423397</点番名>
			<形状 idref="P000000007"/>
		</筆界点>
		<筆界点>
			<点番名>1423398</点番名>
			<形状 idref="P000000008"/>
		</筆界点>
		<筆界点>
			<点番名>1423399</点番名>
			<形状 idref="P000000009"/>
		</筆界点>
		<筆界点>
			<点番名>1423400</点番名>
			<形状 idref="P000000010"/>
		</筆界点>
		<筆界点>
			<点番名>1423401</点番名>
			<形状 idref="P000000011"/>
		</筆界点>
		<筆界点>
			<点番名>1423402</点番名>
			<形状 idref="P000000012"/>
		</筆界点>
		<筆界点>
			<点番名>1423403</点番名>
			<形状 idref="P000000013"/>
		</筆界点>
		<筆界点>
			<点番名>1423404</点番名>
			<形状 idref="P000000014"/>
		</筆界点>
		<筆界点>
			<点番名>1423405</点番名>
			<形状 idref="P000000015"/>
		</筆界点>
		<筆界点>
			<点番名>1423406</点番名>
			<形状 idref="P000000016"/>
		</筆界点>
		<筆界点>
			<点番名>1423407</点番名>
			<形状 idref="P000000017"/>
		</筆界点>
		<筆界点>
			<点番名>1423408</点番名>
			<形状 idref="P000000018"/>
		</筆界点>
		<筆界点>
			<点番名>1423409</点番名>
			<形状 idref="P000000019"/>
		</筆界点>
		<筆界点>
			<点番名>1423410</点番名>
			<形状 idref="P000000020"/>
		</筆界点>
		<筆界点>
			<点番名>1423411</点番名>
			<形状 idref="P000000021"/>
		</筆界点>
		<筆界点>
			<点番名>1423412</点番名>
			<形状 idref="P000000022"/>
		</筆界点>
		<筆界点>
			<点番名>1423413</点番名>
			<形状 idref="P000000023"/>
		</筆界点>
		<筆界線>
			<形状 idref="C000000005"/>
			<線種別>筆界線</線種別>
		</筆界線>
		<筆界線>
			<形状 idref="C000000006"/>
			<線種別>筆界線</線種別>
		</筆界線>
		<筆界線>
			<形状 idref="C000000007"/>
			<線種別>筆界線</線種別>
		</筆界線>
		<筆界線>
			<形状 idref="C000000008"/>
			<線種別>筆界線</線種別>
		</筆界線>
		<筆界線>
			<形状 idref="C000000009"/>
			<線種別>筆界線</線種別>
		</筆界線>
		<筆界線>
			<形状 idref="C000000010"/>
			<線種別>筆界線</線種別>
		</筆界線>
		<筆界線>
			<形状 idref="C000000011"/>
			<線種別>筆界線</線種別>
		</筆界線>
		<筆界線>
			<形状 idref="C000000012"/>
			<線種別>筆界線</線種別>
		</筆界線>
		<筆界線>
			<形状 idref="C000000013"/>
			<線種別>筆界線</線種別>
		</筆界線>
		<筆界線>
			<形状 idref="C000000014"/>
			<線種別>筆界線</線種別>
		</筆界線>
		<筆界線>
			<形状 idref="C000000015"/>
			<線種別>筆界線</線種別>
		</筆界線>
		<筆界線>
			<形状 idref="C000000016"/>
			<線種別>筆界線</線種別>
		</筆界線>
		<筆界線>
			<形状 idref="C000000017"/>
			<線種別>筆界線</線種別>
		</筆界線>
		<筆界線>
			<形状 idref="C000000018"/>
			<線種別>筆界線</線種別>
		</筆界線>
		<筆界線>
			<形状 idref="C000000019"/>
			<線種別>筆界線</線種別>
		</筆界線>
		<筆界線>
			<形状 idref="C000000020"/>
			<線種別>筆界線</線種別>
		</筆界線>
		<筆界線>
			<形状 idref="C000000021"/>
			<線種別>筆界線</線種別>
		</筆界線>
		<筆界線>
			<形状 idref="C000000022"/>
			<線種別>筆界線</線種別>
		</筆界線>
		<筆界線>
			<形状 idref="C000000023"/>
			<線種別>筆界線</線種別>
		</筆界線>
		<筆界線>
			<形状 idref="C000000024"/>
			<線種別>筆界線</線種別>
		</筆界線>
		<筆界線>
			<形状 idref="C000000025"/>
			<線種別>筆界線</線種別>
		</筆界線>
		<筆界線>
			<形状 idref="C000000026"/>
			<線種別>筆界線</線種別>
		</筆界線>
		<筆界線>
			<形状 idref="C000000027"/>
			<線種別>筆界線</線種別>
		</筆界線>
		<筆界線>
			<形状 idref="C000000028"/>
			<線種別>筆界線</線種別>
		</筆界線>
		<筆界線>
			<形状 idref="C000000029"/>
			<線種別>筆界線</線種別>
		</筆界線>
		<筆界線>
			<形状 idref="C000000030"/>
			<線種別>筆界線</線種別>
		</筆界線>
		<筆界線>
			<形状 idref="C000000031"/>
			<線種別>筆界線</線種別>
		</筆界線>
		<筆界線>
			<形状 idref="C000000032"/>
			<線種別>筆界線</線種別>
		</筆界線>
		<筆界線>
			<形状 idref="C000000033"/>
			<線種別>筆界線</線種別>
		</筆界線>
		<筆界線>
			<形状 idref="C000000034"/>
			<線種別>筆界線</線種別>
		</筆界線>
		<筆界線>
			<形状 idref="C000000035"/>
			<線種別>筆界線</線種別>
		</筆界線>
		<筆界線>
			<形状 idref="C000000036"/>
			<線種別>筆界線</線種別>
		</筆界線>
		<筆界線>
			<形状 idref="C000000037"/>
			<線種別>筆界線</線種別>
		</筆界線>
		<筆界線>
			<形状 idref="C000000038"/>
			<線種別>筆界線</線種別>
		</筆界線>
		<筆界線>
			<形状 idref="C000000039"/>
			<線種別>筆界線</線種別>
		</筆界線>
		<筆界線>
			<形状 idref="C000000040"/>
			<線種別>筆界線</線種別>
		</筆界線>
		<筆界線>
			<形状 idref="C000000041"/>
			<線種別>筆界線</線種別>
		</筆界線>
		<筆 id="H000000001">
			<大字コード>009</大字コード>
			<丁目コード>000</丁目コード>
			<小字コード>0000</小字コード>
			<予備コード>00</予備コード>
			<大字名>大字高原</大字名>
			<地番>1222-1</地番>
			<形状 idref="F000000001"/>
			<座標値種別>図上測量</座標値種別>
		</筆>
		<筆 id="H000000002">
			<大字コード>009</大字コード>
			<丁目コード>000</丁目コード>
			<小字コード>0000</小字コード>
			<予備コード>00</予備コード>
			<大字名>大字高原</大字名>
			<地番>1222-2</地番>
			<形状 idref="F000000002"/>
			<座標値種別>図上測量</座標値種別>
		</筆>
		<筆 id="H000000003">
			<大字コード>009</大字コード>
			<丁目コード>000</丁目コード>
			<小字コード>0000</小字コード>
			<予備コード>00</予備コード>
			<大字名>大字高原</大字名>
			<地番>1222-3</地番>
			<形状 idref="F000000003"/>
			<座標値種別>図上測量</座標値種別>
		</筆>
		<筆 id="H000000004">
			<大字コード>009</大字コード>
			<丁目コード>000</丁目コード>
			<小字コード>0000</小字コード>
			<予備コード>00</予備コード>
			<大字名>大字高原</大字名>
			<地番>1223-1</地番>
			<形状 idref="F000000004"/>
			<座標値種別>図上測量</座標値種別>
		</筆>
		<筆 id="H000000005">
			<大字コード>009</大字コード>
			<丁目コード>000</丁目コード>
			<小字コード>0000</小字コード>
			<予備コード>00</予備コード>
			<大字名>大字高原</大字名>
			<地番>1223-2</地番>
			<形状 idref="F000000005"/>
			<座標値種別>図上測量</座標値種別>
		</筆>
	</主題属性>
	<図郭>
		<地図番号>6007-18-1</地図番号>
		<方位不明フラグ>false</方位不明フラグ>
		<左下座標>
			<zmn:X>9872.149</zmn:X>
			<zmn:Y>11854.372</zmn:Y>
		</左下座標>
		<左上座標>
			<zmn:X>9344.307</zmn:X>
			<zmn:Y>11740.430</zmn:Y>
		</左上座標>
		<右下座標>
			<zmn:X>10010.145</zmn:X>
			<zmn:Y>11215.097</zmn:Y>
		</右下座標>
		<右上座標>
			<zmn:X>9482.303</zmn:X>
			<zmn:Y>11101.155</zmn:Y>
		</右上座標>
		<地図種類>旧土地台帳附属地図</地図種類>
		<地図分類>地図に準ずる図面</地図分類>
		<地図材質>P-F</地図材質>
		<筆参照 idref="H000000001"/>
		<筆参照 idref="H000000002"/>
		<筆参照 idref="H000000003"/>
		<筆参照 idref="H000000004"/>
		<筆参照 idref="H000000005"/>
	</図郭>
</地図>
